Workbook

Sheet Instrucciones
A1: CÓMO USAR ESTE LIBRO — Taller de Fundamentos de Mecánica (1000019), Grupo 14
A3: LEYENDA DE COLORES
A4: Fondo crema, texto azul | B4: Celdas que USTED diligencia: Grupo, notas y asistencia.
A5: Fondo azul claro | B5: Promedios calculados automáticamente. No los edite.
A6: Fondo verde | B6: Nota final ponderada. No la edite.
A7: Fondo blanco/verde tenue | B7: Datos de identificación del estudiante.
A9: QUÉ DILIGENCIAR
A10: Columna Grupo | B10: Escriba el número de grupo (1, 2, 3...) de cada estudiante. Habilita el filtro y las estadísticas por grupo.
A11: Columnas Q1 a Q10 | B11: Nota de cada quiz individual (quincenal, cada 2 semanas), de 0.0 a 5.0. Se aplican en los últimos minutos de la sesión.
A12: Columnas T1 a T10 | B12: Sustentación en tablero (sorteo) o procedimiento escrito, una por sesión. Misma nota para todo el grupo.
A13: Columna Asistencia | B13: Fracción de sesiones asistidas: escriba 0.9 para 90 %. Es solo informativa: el programa no fija un mínimo para aprobar.
A17: EJEMPLO DE UNA FILA DILIGENCIADA
A18: Grupo | B18: 3
A19: Q1 ... Q10 | B19: 4.5 3.8 5.0 (vacío) ... — deje en blanco lo no evaluado
A20: T1 ... T10 | B20: 4.2 3.9 (vacío) ... — misma nota para todo el grupo
A21: Asistencia | B21: 0.9 (se muestra como 90 %)
A22: Resultado | B22: La nota final se calcula sola: 50 % Prom. Quices + 50 % Prom. Talleres, usando solo los componentes que ya tengan datos.
A26: NOTAS IMPORTANTES
A27: Nota parcial | B27: Mientras falten componentes, la NOTA FINAL es un promedio ponderado de lo ya registrado (nota parcial del curso).
A28: Celdas en blanco | B28: Una casilla vacía NO cuenta como cero: simplemente se excluye del promedio. Escriba 0.0 si la nota es cero.
A29: Puntualidad | B29: No hay quices extemporáneos ni reprogramación de sustentaciones por impuntualidad, salvo excusa médica o institucional validada (ver hoja Configuración).
A30: Filtros | B30: Fila 3 de la hoja Notas. Filtre por Grupo o por Estado.
A31: Pesos | B31: Se editan en la hoja Configuración; toda la hoja Notas se recalcula automáticamente.

Sheet Notas
A1: TALLER DE FUNDAMENTOS DE MECÁNICA (1000019) — GRUPO 14
A2: Registro de calificaciones · Semestre 2026-2 ·
A3: # | B3: Estudiante | C3: Correo | D3: Grupo | E3: Q1 | F3: Q2 | G3: Q3 | H3: Q4 | I3: Q5 | J3: Q6 | K3: Q7 | L3: Q8 | M3: Q9 | N3: Q10 | O3: Prom. Quices | P3: T1 | Q3: T2 | R3: T3 | S3: T4 | T3: T5 | U3: T6 | V3: T7 | W3: T8 | X3: T9 | Y3: T10 | Z3: Prom. Talleres | AA3: Asistencia | AB3: NOTA FINAL | AC3: Estado
A4: 1 | B4: AGUDELO URREA, NICOLAS | C4: nagudelou@unal.edu.co | D4: 7 | O4: =IFERROR(AVERAGE(E4:N4),"") | Z4: =IFERROR(AVERAGE(P4:Y4),"") | AA4: 1 | AB4: =IFERROR((IF(O4="",0,O4*Configuración!$B$4)+IF(Z4="",0,Z4*Configuración!$B$5))/(IF(O4="",0,Configuración!$B$4)+IF(Z4="",0,Configuración!$B$5)),"") | AC4: =IF(AB4="","",IF(AB4>=Configuración!$B$9,"APROBADO","REPROBADO"))
A5: 2 | B5: AGUILAR MOYANO, CARLOS GUILLERMO | C5: caguilarmo@unal.edu.co | D5: 6 | O5: =IFERROR(AVERAGE(E5:N5),"") | Z5: =IFERROR(AVERAGE(P5:Y5),"") | AA5: 1 | AB5: =IFERROR((IF(O5="",0,O5*Configuración!$B$4)+IF(Z5="",0,Z5*Configuración!$B$5))/(IF(O5="",0,Configuración!$B$4)+IF(Z5="",0,Configuración!$B$5)),"") | AC5: =IF(AB5="","",IF(AB5>=Configuración!$B$9,"APROBADO","REPROBADO"))
A6: 3 | B6: ALBA CAMACHO, JUAN MANUEL | C6: jalbac@unal.edu.co | D6: 6 | O6: =IFERROR(AVERAGE(E6:N6),"") | Z6: =IFERROR(AVERAGE(P6:Y6),"") | AA6: 1 | AB6: =IFERROR((IF(O6="",0,O6*Configuración!$B$4)+IF(Z6="",0,Z6*Configuración!$B$5))/(IF(O6="",0,Configuración!$B$4)+IF(Z6="",0,Configuración!$B$5)),"") | AC6: =IF(AB6="","",IF(AB6>=Configuración!$B$9,"APROBADO","REPROBADO"))
A7: 4 | B7: ALFONSO VASQUEZ, ASHLEY GABRIELA | C7: asalfonsov@unal.edu.co | D7: 3 | O7: =IFERROR(AVERAGE(E7:N7),"") | Z7: =IFERROR(AVERAGE(P7:Y7),"") | AA7: 1 | AB7: =IFERROR((IF(O7="",0,O7*Configuración!$B$4)+IF(Z7="",0,Z7*Configuración!$B$5))/(IF(O7="",0,Configuración!$B$4)+IF(Z7="",0,Configuración!$B$5)),"") | AC7: =IF(AB7="","",IF(AB7>=Configuración!$B$9,"APROBADO","REPROBADO"))
A8: 5 | B8: ARÉVALO BAREÑO, JUAN DIEGO | C8: jarevalob@unal.edu.co | O8: =IFERROR(AVERAGE(E8:N8),"") | Z8: =IFERROR(AVERAGE(P8:Y8),"") | AA8: 1 | AB8: =IFERROR((IF(O8="",0,O8*Configuración!$B$4)+IF(Z8="",0,Z8*Configuración!$B$5))/(IF(O8="",0,Configuración!$B$4)+IF(Z8="",0,Configuración!$B$5)),"") | AC8: =IF(AB8="","",IF(AB8>=Configuración!$B$9,"APROBADO","REPROBADO"))
A9: 6 | B9: ARREDONDO SALGADO, SOFÍA | C9: sarredondos@unal.edu.co | D9: 8 | O9: =IFERROR(AVERAGE(E9:N9),"") | Z9: =IFERROR(AVERAGE(P9:Y9),"") | AA9: 1 | AB9: =IFERROR((IF(O9="",0,O9*Configuración!$B$4)+IF(Z9="",0,Z9*Configuración!$B$5))/(IF(O9="",0,Configuración!$B$4)+IF(Z9="",0,Configuración!$B$5)),"") | AC9: =IF(AB9="","",IF(AB9>=Configuración!$B$9,"APROBADO","REPROBADO"))
A10: 7 | B10: BARON GAMA, JOSE MANUEL | C10: jobarong@unal.edu.co | O10: =IFERROR(AVERAGE(E10:N10),"") | Z10: =IFERROR(AVERAGE(P10:Y10),"") | AA10: 1 | AB10: =IFERROR((IF(O10="",0,O10*Configuración!$B$4)+IF(Z10="",0,Z10*Configuración!$B$5))/(IF(O10="",0,Configuración!$B$4)+IF(Z10="",0,Configuración!$B$5)),"") | AC10: =IF(AB10="","",IF(AB10>=Configuración!$B$9,"APROBADO","REPROBADO"))
A11: 8 | B11: BERMÚDEZ SALAZAR, MIGUEL ÁNGEL | C11: mibermudezs@unal.edu.co | D11: 8 | O11: =IFERROR(AVERAGE(E11:N11),"") | Z11: =IFERROR(AVERAGE(P11:Y11),"") | AA11: 1 | AB11: =IFERROR((IF(O11="",0,O11*Configuración!$B$4)+IF(Z11="",0,Z11*Configuración!$B$5))/(IF(O11="",0,Configuración!$B$4)+IF(Z11="",0,Configuración!$B$5)),"") | AC11: =IF(AB11="","",IF(AB11>=Configuración!$B$9,"APROBADO","REPROBADO"))
A12: 9 | B12: BERNAL ROJAS, MARIAN SOFIA | C12: mbernalro@unal.edu.co | D12: 1 | O12: =IFERROR(AVERAGE(E12:N12),"") | Z12: =IFERROR(AVERAGE(P12:Y12),"") | AA12: 1 | AB12: =IFERROR((IF(O12="",0,O12*Configuración!$B$4)+IF(Z12="",0,Z12*Configuración!$B$5))/(IF(O12="",0,Configuración!$B$4)+IF(Z12="",0,Configuración!$B$5)),"") | AC12: =IF(AB12="","",IF(AB12>=Configuración!$B$9,"APROBADO","REPROBADO"))
A13: 10 | B13: CARRILLO MARTINEZ, SANTIAGO ANDRES | C13: scarrilloma@unal.edu.co | O13: =IFERROR(AVERAGE(E13:N13),"") | Z13: =IFERROR(AVERAGE(P13:Y13),"") | AA13: 1 | AB13: =IFERROR((IF(O13="",0,O13*Configuración!$B$4)+IF(Z13="",0,Z13*Configuración!$B$5))/(IF(O13="",0,Configuración!$B$4)+IF(Z13="",0,Configuración!$B$5)),"") | AC13: =IF(AB13="","",IF(AB13>=Configuración!$B$9,"APROBADO","REPROBADO"))
A14: 11 | B14: CONGUTA CASAS, VALERY JULIANA | C14: vconguta@unal.edu.co | D14: 5 | O14: =IFERROR(AVERAGE(E14:N14),"") | Z14: =IFERROR(AVERAGE(P14:Y14),"") | AA14: 1 | AB14: =IFERROR((IF(O14="",0,O14*Configuración!$B$4)+IF(Z14="",0,Z14*Configuración!$B$5))/(IF(O14="",0,Configuración!$B$4)+IF(Z14="",0,Configuración!$B$5)),"") | AC14: =IF(AB14="","",IF(AB14>=Configuración!$B$9,"APROBADO","REPROBADO"))
A15: 12 | B15: CRUZ RAMIREZ, THOMAS JERONIMO | C15: tcruz@unal.edu.co | D15: 4 | O15: =IFERROR(AVERAGE(E15:N15),"") | Z15: =IFERROR(AVERAGE(P15:Y15),"") | AA15: 1 | AB15: =IFERROR((IF(O15="",0,O15*Configuración!$B$4)+IF(Z15="",0,Z15*Configuración!$B$5))/(IF(O15="",0,Configuración!$B$4)+IF(Z15="",0,Configuración!$B$5)),"") | AC15: =IF(AB15="","",IF(AB15>=Configuración!$B$9,"APROBADO","REPROBADO"))
A16: 13 | B16: DELGADO VARGAS, SANTIAGO | C16: sadelgadov@unal.edu.co | D16: 4 | O16: =IFERROR(AVERAGE(E16:N16),"") | Z16: =IFERROR(AVERAGE(P16:Y16),"") | AA16: 1 | AB16: =IFERROR((IF(O16="",0,O16*Configuración!$B$4)+IF(Z16="",0,Z16*Configuración!$B$5))/(IF(O16="",0,Configuración!$B$4)+IF(Z16="",0,Configuración!$B$5)),"") | AC16: =IF(AB16="","",IF(AB16>=Configuración!$B$9,"APROBADO","REPROBADO"))
A17: 14 | B17: FIGUEREDO RINCON, DAVID SANTIAGO | C17: dfigueredor@unal.edu.co | O17: =IFERROR(AVERAGE(E17:N17),"") | Z17: =IFERROR(AVERAGE(P17:Y17),"") | AA17: 1 | AB17: =IFERROR((IF(O17="",0,O17*Configuración!$B$4)+IF(Z17="",0,Z17*Configuración!$B$5))/(IF(O17="",0,Configuración!$B$4)+IF(Z17="",0,Configuración!$B$5)),"") | AC17: =IF(AB17="","",IF(AB17>=Configuración!$B$9,"APROBADO","REPROBADO"))
A18: 15 | B18: FRESNEDA CARRANZA, NICOLAS | C18: nfresneda@unal.edu.co | D18: 5 | O18: =IFERROR(AVERAGE(E18:N18),"") | Z18: =IFERROR(AVERAGE(P18:Y18),"") | AA18: 1 | AB18: =IFERROR((IF(O18="",0,O18*Configuración!$B$4)+IF(Z18="",0,Z18*Configuración!$B$5))/(IF(O18="",0,Configuración!$B$4)+IF(Z18="",0,Configuración!$B$5)),"") | AC18: =IF(AB18="","",IF(AB18>=Configuración!$B$9,"APROBADO","REPROBADO"))
A19: 16 | B19: GARCÍA CALDAS, NICOLLE | C19: nicgarciaca@unal.edu.co | D19: 3 | O19: =IFERROR(AVERAGE(E19:N19),"") | Z19: =IFERROR(AVERAGE(P19:Y19),"") | AA19: 1 | AB19: =IFERROR((IF(O19="",0,O19*Configuración!$B$4)+IF(Z19="",0,Z19*Configuración!$B$5))/(IF(O19="",0,Configuración!$B$4)+IF(Z19="",0,Configuración!$B$5)),"") | AC19: =IF(AB19="","",IF(AB19>=Configuración!$B$9,"APROBADO","REPROBADO"))
A20: 17 | B20: GARCIA MERCADO, LUISA FERNANDA | C20: lugarciame@unal.edu.co | O20: =IFERROR(AVERAGE(E20:N20),"") | Z20: =IFERROR(AVERAGE(P20:Y20),"") | AA20: 1 | AB20: =IFERROR((IF(O20="",0,O20*Configuración!$B$4)+IF(Z20="",0,Z20*Configuración!$B$5))/(IF(O20="",0,Configuración!$B$4)+IF(Z20="",0,Configuración!$B$5)),"") | AC20: =IF(AB20="","",IF(AB20>=Configuración!$B$9,"APROBADO","REPROBADO"))
A21: 18 | B21: HERNÁNDEZ MÉNDEZ, DANIEL ESTEBAN | C21: danhernandezme@unal.edu.co | D21: 3 | O21: =IFERROR(AVERAGE(E21:N21),"") | Z21: =IFERROR(AVERAGE(P21:Y21),"") | AA21: 1 | AB21: =IFERROR((IF(O21="",0,O21*Configuración!$B$4)+IF(Z21="",0,Z21*Configuración!$B$5))/(IF(O21="",0,Configuración!$B$4)+IF(Z21="",0,Configuración!$B$5)),"") | AC21: =IF(AB21="","",IF(AB21>=Configuración!$B$9,"APROBADO","REPROBADO"))
A22: 19 | B22: MARIN CASTRO, DIEGO ALEJANDRO | C22: diemarinca@unal.edu.co | D22: 4 | O22: =IFERROR(AVERAGE(E22:N22),"") | Z22: =IFERROR(AVERAGE(P22:Y22),"") | AA22: 1 | AB22: =IFERROR((IF(O22="",0,O22*Configuración!$B$4)+IF(Z22="",0,Z22*Configuración!$B$5))/(IF(O22="",0,Configuración!$B$4)+IF(Z22="",0,Configuración!$B$5)),"") | AC22: =IF(AB22="","",IF(AB22>=Configuración!$B$9,"APROBADO","REPROBADO"))
A23: 20 | B23: MEDINA NEIRA, ANDRES FELIPE | C23: amedinan@unal.edu.co | D23: 5 | O23: =IFERROR(AVERAGE(E23:N23),"") | Z23: =IFERROR(AVERAGE(P23:Y23),"") | AA23: 1 | AB23: =IFERROR((IF(O23="",0,O23*Configuración!$B$4)+IF(Z23="",0,Z23*Configuración!$B$5))/(IF(O23="",0,Configuración!$B$4)+IF(Z23="",0,Configuración!$B$5)),"") | AC23: =IF(AB23="","",IF(AB23>=Configuración!$B$9,"APROBADO","REPROBADO"))
A24: 21 | B24: MERCHAN ANGULO, SEBASTIAN | C24: semerchana@unal.edu.co | D24: 8 | O24: =IFERROR(AVERAGE(E24:N24),"") | Z24: =IFERROR(AVERAGE(P24:Y24),"") | AA24: 1 | AB24: =IFERROR((IF(O24="",0,O24*Configuración!$B$4)+IF(Z24="",0,Z24*Configuración!$B$5))/(IF(O24="",0,Configuración!$B$4)+IF(Z24="",0,Configuración!$B$5)),"") | AC24: =IF(AB24="","",IF(AB24>=Configuración!$B$9,"APROBADO","REPROBADO"))
A25: 22 | B25: NIÑO ALAYÓN, LAURA DANIELA | C25: lninoal@unal.edu.co | D25: 7 | O25: =IFERROR(AVERAGE(E25:N25),"") | Z25: =IFERROR(AVERAGE(P25:Y25),"") | AA25: 1 | AB25: =IFERROR((IF(O25="",0,O25*Configuración!$B$4)+IF(Z25="",0,Z25*Configuración!$B$5))/(IF(O25="",0,Configuración!$B$4)+IF(Z25="",0,Configuración!$B$5)),"") | AC25: =IF(AB25="","",IF(AB25>=Configuración!$B$9,"APROBADO","REPROBADO"))
A26: 23 | B26: OLARTE QUIROGA, JUAN EMILIO | C26: juolarteq@unal.edu.co | D26: 2 | O26: =IFERROR(AVERAGE(E26:N26),"") | Z26: =IFERROR(AVERAGE(P26:Y26),"") | AA26: 1 | AB26: =IFERROR((IF(O26="",0,O26*Configuración!$B$4)+IF(Z26="",0,Z26*Configuración!$B$5))/(IF(O26="",0,Configuración!$B$4)+IF(Z26="",0,Configuración!$B$5)),"") | AC26: =IF(AB26="","",IF(AB26>=Configuración!$B$9,"APROBADO","REPROBADO"))
A27: 24 | B27: OYOLA RICARDO, ALEJANDRA | C27: aoyolar@unal.edu.co | D27: 1 | O27: =IFERROR(AVERAGE(E27:N27),"") | Z27: =IFERROR(AVERAGE(P27:Y27),"") | AA27: 1 | AB27: =IFERROR((IF(O27="",0,O27*Configuración!$B$4)+IF(Z27="",0,Z27*Configuración!$B$5))/(IF(O27="",0,Configuración!$B$4)+IF(Z27="",0,Configuración!$B$5)),"") | AC27: =IF(AB27="","",IF(AB27>=Configuración!$B$9,"APROBADO","REPROBADO"))
A28: 25 | B28: PEDRAZA ALARCON, TOMAS DAVID | C28: tpedraza@unal.edu.co | D28: 7 | O28: =IFERROR(AVERAGE(E28:N28),"") | Z28: =IFERROR(AVERAGE(P28:Y28),"") | AA28: 1 | AB28: =IFERROR((IF(O28="",0,O28*Configuración!$B$4)+IF(Z28="",0,Z28*Configuración!$B$5))/(IF(O28="",0,Configuración!$B$4)+IF(Z28="",0,Configuración!$B$5)),"") | AC28: =IF(AB28="","",IF(AB28>=Configuración!$B$9,"APROBADO","REPROBADO"))
A29: 26 | B29: PEÑA RODRIGUEZ, SAMUEL | C29: sapenaro@unal.edu.co | D29: 3 | O29: =IFERROR(AVERAGE(E29:N29),"") | Z29: =IFERROR(AVERAGE(P29:Y29),"") | AA29: 1 | AB29: =IFERROR((IF(O29="",0,O29*Configuración!$B$4)+IF(Z29="",0,Z29*Configuración!$B$5))/(IF(O29="",0,Configuración!$B$4)+IF(Z29="",0,Configuración!$B$5)),"") | AC29: =IF(AB29="","",IF(AB29>=Configuración!$B$9,"APROBADO","REPROBADO"))
A30: 27 | B30: PEREZ PEÑA, JUAN NICOLAS | C30: juaperezpe@unal.edu.co | D30: 2 | O30: =IFERROR(AVERAGE(E30:N30),"") | Z30: =IFERROR(AVERAGE(P30:Y30),"") | AA30: 1 | AB30: =IFERROR((IF(O30="",0,O30*Configuración!$B$4)+IF(Z30="",0,Z30*Configuración!$B$5))/(IF(O30="",0,Configuración!$B$4)+IF(Z30="",0,Configuración!$B$5)),"") | AC30: =IF(AB30="","",IF(AB30>=Configuración!$B$9,"APROBADO","REPROBADO"))
A31: 28 | B31: Preciado Castillo, Mimi Johana | C31: mipreciadoc@unal.edu.co | O31: =IFERROR(AVERAGE(E31:N31),"") | Z31: =IFERROR(AVERAGE(P31:Y31),"") | AA31: 1 | AB31: =IFERROR((IF(O31="",0,O31*Configuración!$B$4)+IF(Z31="",0,Z31*Configuración!$B$5))/(IF(O31="",0,Configuración!$B$4)+IF(Z31="",0,Configuración!$B$5)),"") | AC31: =IF(AB31="","",IF(AB31>=Configuración!$B$9,"APROBADO","REPROBADO"))
A32: 29 | B32: RAMIREZ ORTIZ, SEBASTIAN | C32: seramirezo@unal.edu.co | D32: 8 | O32: =IFERROR(AVERAGE(E32:N32),"") | Z32: =IFERROR(AVERAGE(P32:Y32),"") | AA32: 1 | AB32: =IFERROR((IF(O32="",0,O32*Configuración!$B$4)+IF(Z32="",0,Z32*Configuración!$B$5))/(IF(O32="",0,Configuración!$B$4)+IF(Z32="",0,Configuración!$B$5)),"") | AC32: =IF(AB32="","",IF(AB32>=Configuración!$B$9,"APROBADO","REPROBADO"))
A33: 30 | B33: SAENZ LABRADA, JUAN PABLO | C33: jusaenzl@unal.edu.co | D33: 2 | O33: =IFERROR(AVERAGE(E33:N33),"") | Z33: =IFERROR(AVERAGE(P33:Y33),"") | AA33: 1 | AB33: =IFERROR((IF(O33="",0,O33*Configuración!$B$4)+IF(Z33="",0,Z33*Configuración!$B$5))/(IF(O33="",0,Configuración!$B$4)+IF(Z33="",0,Configuración!$B$5)),"") | AC33: =IF(AB33="","",IF(AB33>=Configuración!$B$9,"APROBADO","REPROBADO"))
A34: 31 | B34: SANTIS ALVAREZ, LUNA SOFIA | C34: lsantis@unal.edu.co | D34: 4 | O34: =IFERROR(AVERAGE(E34:N34),"") | Z34: =IFERROR(AVERAGE(P34:Y34),"") | AA34: 1 | AB34: =IFERROR((IF(O34="",0,O34*Configuración!$B$4)+IF(Z34="",0,Z34*Configuración!$B$5))/(IF(O34="",0,Configuración!$B$4)+IF(Z34="",0,Configuración!$B$5)),"") | AC34: =IF(AB34="","",IF(AB34>=Configuración!$B$9,"APROBADO","REPROBADO"))
A35: 32 | B35: TACHA MORALES, LUISA FERNANDA | C35: ltacha@unal.edu.co | D35: 7 | O35: =IFERROR(AVERAGE(E35:N35),"") | Z35: =IFERROR(AVERAGE(P35:Y35),"") | AA35: 1 | AB35: =IFERROR((IF(O35="",0,O35*Configuración!$B$4)+IF(Z35="",0,Z35*Configuración!$B$5))/(IF(O35="",0,Configuración!$B$4)+IF(Z35="",0,Configuración!$B$5)),"") | AC35: =IF(AB35="","",IF(AB35>=Configuración!$B$9,"APROBADO","REPROBADO"))
A36: 33 | B36: VALDERRAMA GOMEZ, SAMUEL | C36: savalderramag@unal.edu.co | D36: 2 | O36: =IFERROR(AVERAGE(E36:N36),"") | Z36: =IFERROR(AVERAGE(P36:Y36),"") | AA36: 1 | AB36: =IFERROR((IF(O36="",0,O36*Configuración!$B$4)+IF(Z36="",0,Z36*Configuración!$B$5))/(IF(O36="",0,Configuración!$B$4)+IF(Z36="",0,Configuración!$B$5)),"") | AC36: =IF(AB36="","",IF(AB36>=Configuración!$B$9,"APROBADO","REPROBADO"))
A37: 34 | B37: VELEZ DIAZ, DUBAN ANDRE | C37: duvelezd@unal.edu.co | D37: 5 | O37: =IFERROR(AVERAGE(E37:N37),"") | Z37: =IFERROR(AVERAGE(P37:Y37),"") | AA37: 1 | AB37: =IFERROR((IF(O37="",0,O37*Configuración!$B$4)+IF(Z37="",0,Z37*Configuración!$B$5))/(IF(O37="",0,Configuración!$B$4)+IF(Z37="",0,Configuración!$B$5)),"") | AC37: =IF(AB37="","",IF(AB37>=Configuración!$B$9,"APROBADO","REPROBADO"))
A38: 35 | B38: ZAPATA MUÑOZ, JOAQUIN ANDRES | C38: jozapatam@unal.edu.co | D38: 1 | O38: =IFERROR(AVERAGE(E38:N38),"") | Z38: =IFERROR(AVERAGE(P38:Y38),"") | AA38: 1 | AB38: =IFERROR((IF(O38="",0,O38*Configuración!$B$4)+IF(Z38="",0,Z38*Configuración!$B$5))/(IF(O38="",0,Configuración!$B$4)+IF(Z38="",0,Configuración!$B$5)),"") | AC38: =IF(AB38="","",IF(AB38>=Configuración!$B$9,"APROBADO","REPROBADO"))
B39: PROMEDIO DEL CURSO | E39: =IFERROR(AVERAGE(E8:E38),"") | F39: =IFERROR(AVERAGE(F8:F38),"") | G39: =IFERROR(AVERAGE(G8:G38),"") | H39: =IFERROR(AVERAGE(H8:H38),"") | I39: =IFERROR(AVERAGE(I8:I38),"") | J39: =IFERROR(AVERAGE(J8:J38),"") | K39: =IFERROR(AVERAGE(K8:K38),"") | L39: =IFERROR(AVERAGE(L8:L38),"") | ... AB39: =IFERROR(AVERAGE(AB8:AB38),"") | AC39: =COUNTIF(AC8:AC38,"APROBADO")&" aprob." -> 0 aprob.

Sheet Resumen
A1: RESUMEN Y ESTADÍSTICAS DEL CURSO
A3: ESTADÍSTICAS GENERALES | D3: DESEMPEÑO POR GRUPO
A4: Estudiantes inscritos | B4: =COUNTA(Notas!$B$4:$B$34) -> 31 | D4: Grupo | E4: Integrantes | F4: Promedio
A5: Con nota registrada | B5: =COUNT(Notas!$AB$4:$AB$34) -> 0 | D5: 1 | E5: =COUNTIF(Notas!$D$4:$D$34,$D5) -> 2 | F5: =IFERROR(AVERAGEIF(Notas!$D$4:$D$34,$D5,Notas!$AB$4:$AB$34),"")
A6: Promedio del curso | B6: =IFERROR(AVERAGE(Notas!$AB$4:$AB$34),"") | D6: 2 | E6: =COUNTIF(Notas!$D$4:$D$34,$D6) -> 3 | F6: =IFERROR(AVERAGEIF(Notas!$D$4:$D$34,$D6,Notas!$AB$4:$AB$34),"")
A7: Nota máxima | B7: =IFERROR(MAX(Notas!$AB$4:$AB$34),"") -> 0 | D7: 3 | E7: =COUNTIF(Notas!$D$4:$D$34,$D7) -> 4 | F7: =IFERROR(AVERAGEIF(Notas!$D$4:$D$34,$D7,Notas!$AB$4:$AB$34),"")
A8: Nota mínima | B8: =IFERROR(MIN(Notas!$AB$4:$AB$34),"") -> 0 | D8: 4 | E8: =COUNTIF(Notas!$D$4:$D$34,$D8) -> 4 | F8: =IFERROR(AVERAGEIF(Notas!$D$4:$D$34,$D8,Notas!$AB$4:$AB$34),"")
A9: Desviación estándar | B9: =IFERROR(STDEV(Notas!$AB$4:$AB$34),"") | D9: 5 | E9: =COUNTIF(Notas!$D$4:$D$34,$D9) -> 3 | F9: =IFERROR(AVERAGEIF(Notas!$D$4:$D$34,$D9,Notas!$AB$4:$AB$34),"")
A10: Aprobados | B10: =COUNTIF(Notas!$AC$4:$AC$34,"APROBADO") -> 0 | D10: 6 | E10: =COUNTIF(Notas!$D$4:$D$34,$D10) -> 2 | F10: =IFERROR(AVERAGEIF(Notas!$D$4:$D$34,$D10,Notas!$AB$4:$AB$34),"")
A11: Reprobados | B11: =COUNTIF(Notas!$AC$4:$AC$34,"REPROBADO") -> 0 | D11: 7 | E11: =COUNTIF(Notas!$D$4:$D$34,$D11) -> 3 | F11: =IFERROR(AVERAGEIF(Notas!$D$4:$D$34,$D11,Notas!$AB$4:$AB$34),"")
A12: Asistencia promedio | B12: =IFERROR(AVERAGE(Notas!$AA$4:$AA$34),"") -> 1 | D12: 8 | E12: =COUNTIF(Notas!$D$4:$D$34,$D12) -> 4 | F12: =IFERROR(AVERAGEIF(Notas!$D$4:$D$34,$D12,Notas!$AB$4:$AB$34),"")
A13: % de aprobación | B13: =IFERROR(COUNTIF(Notas!$AC$4:$AC$34,"APROBADO")/COUNT(Notas!$AB$4:$AB$34),"") | D13: 9 | E13: =COUNTIF(Notas!$D$4:$D$34,$D13) -> 0 | F13: =IFERROR(AVERAGEIF(Notas!$D$4:$D$34,$D13,Notas!$AB$4:$AB$34),"")
D14: 10 | E14: =COUNTIF(Notas!$D$4:$D$34,$D14) -> 0 | F14: =IFERROR(AVERAGEIF(Notas!$D$4:$D$34,$D14,Notas!$AB$4:$AB$34),"")
A16: PROMEDIO POR COMPONENTE | D16: DISTRIBUCIÓN DE NOTAS FINALES
A17: Sustentación / Talleres (50 %) | B17: =IFERROR(AVERAGE(Notas!$Z$4:$Z$34),"") | D17: Rango | E17: Estudiantes
A18: Quices (50 %) | B18: =IFERROR(AVERAGE(Notas!$O$4:$O$34),"") | D18: 0.0 – 1.9 | E18: =COUNTIFS(Notas!$AB$4:$AB$34,">="&0,Notas!$AB$4:$AB$34,"<"&2) -> 0
D19: 2.0 – 2.9 | E19: =COUNTIFS(Notas!$AB$4:$AB$34,">="&2,Notas!$AB$4:$AB$34,"<"&3) -> 0
D20: 3.0 – 3.4 | E20: =COUNTIFS(Notas!$AB$4:$AB$34,">="&3,Notas!$AB$4:$AB$34,"<"&3.5) -> 0
D21: 3.5 – 3.9 | E21: =COUNTIFS(Notas!$AB$4:$AB$34,">="&3.5,Notas!$AB$4:$AB$34,"<"&4) -> 0
D22: 4.0 – 4.4 | E22: =COUNTIFS(Notas!$AB$4:$AB$34,">="&4,Notas!$AB$4:$AB$34,"<"&4.5) -> 0
D23: 4.5 – 5.0 | E23: =COUNTIFS(Notas!$AB$4:$AB$34,">="&4.5,Notas!$AB$4:$AB$34,"<"&5.01) -> 0

Sheet Configuración
A1: PARÁMETROS DE EVALUACIÓN
A3: Componente | B3: Peso | C3: Descripción
A4: Sustentación / Trabajo en Grupo | B4: 0.5 | C4: Tablero (sorteo de un integrante) o procedimiento escrito si el grupo no es sorteado. Misma nota para todo el grupo; una calificación por sesión (T1..T10).
A5: Quices Individuales | B5: 0.5 | C5: Individuales, quincenales (cada 2 semanas), durante los últimos minutos de la sesión (Q1..Q10).
A6: TOTAL | B6: =SUM(B4:B5) -> 1 | C6: =IF(B6=1,"Correcto","¡Los pesos no suman 100 %!") -> Correcto
A8: CRITERIOS DE APROBACIÓN
A9: Nota mínima aprobatoria | B9: 3 | C9: Escala 0.0 – 5.0
A10: Asistencia | B10: N/A | C10: El programa del Taller 14 no fija un porcentaje mínimo de asistencia para aprobar. La columna Asistencia en la hoja Notas es solo de referencia.
A12: PUNTUALIDAD
A13: Quices y sustentaciones | C13: Inician estrictamente a la hora estipulada. No se realizan quices extemporáneos ni se reprograman sustentaciones por impuntualidad, salvo excusa médica o institucional debidamente validada.
