Workbook

Sheet Instrucciones
A1: CÓMO USAR ESTE LIBRO
A3: LEYENDA DE COLORES
A4: Fondo crema, texto azul | B4: Celdas que USTED diligencia: Grupo, notas y asistencia.
A5: Fondo azul claro | B5: Promedios calculados automáticamente. No los edite.
A6: Fondo verde | B6: Nota final ponderada. No la edite.
A7: Fondo blanco/verde tenue | B7: Datos de identificación del estudiante.
A9: QUÉ DILIGENCIAR
A10: Columna Grupo | B10: Escriba el número de grupo (1, 2, 3...) de cada estudiante. Habilita el filtro y las estadísticas por grupo.
A11: Columnas Q1 a Q10 | B11: Nota de cada quiz de lectura previa, de 0.0 a 5.0. Se aplican al inicio de cada sesión de práctica.
A12: Columnas T1 y T2 | B12: Talleres de fundamentación (semanas 2 y 3).
A13: Columnas B1 a B8 | B13: Bitácoras de laboratorio. Misma nota para todo el grupo.
A14: Columnas I1 e I2 | B14: Informes formales. Misma nota para todo el grupo.
A15: Columna Asistencia | B15: Fracción de sesiones asistidas: escriba 0.9 para 90 %. Viene precargada en 100 %.
A17: EJEMPLO DE UNA FILA DILIGENCIADA
A18: Grupo | B18: 3
A19: Q1 ... Q10 | B19: 4.5 3.8 5.0 (vacío) ... — deje en blanco lo no evaluado
A20: T1 / T2 | B20: 4.2 3.9
A21: B1 ... B8 | B21: 4.0 4.3 (vacío) ...
A22: I1 / I2 | B22: (vacío) (vacío)
A23: Asistencia | B23: 0.9 (se muestra como 90 %)
A24: Resultado | B24: La nota final se calcula sola, usando solo los componentes que ya tengan datos.
A26: NOTAS IMPORTANTES
A27: Nota parcial | B27: Mientras falten componentes, la NOTA FINAL es un promedio ponderado de lo ya registrado (nota parcial del curso).
A28: Celdas en blanco | B28: Una casilla vacía NO cuenta como cero: simplemente se excluye del promedio. Escriba 0.0 si la nota es cero.
A29: Entregas tardías | B29: El descuento de la hoja Configuración se aplica a mano al digitar la nota.
A30: Filtros | B30: Fila 3 de la hoja Notas. Filtre por Grupo o por Estado.
A31: Pesos | B31: Se editan en la hoja Configuración; toda la hoja Notas se recalcula automáticamente.

Sheet Notas
A1: LABORATORIO DE MECÁNICA Y ONDAS PARA BIOCIENCIAS (1000023) — GRUPO 4
A2: Registro de calificaciones · Semestre 2026-2 ·
A3: # | B3: Estudiante | C3: Correo | D3: Grupo | E3: Q1 | F3: Q2 | G3: Q3 | H3: Q4 | I3: Q5 | J3: Q6 | K3: Q7 | L3: Q8 | M3: Q9 | N3: Q10 | O3: Prom. Quices | P3: T1 | Q3: T2 | R3: Prom. Talleres | S3: B1 | T3: B2 | U3: B3 | V3: B4 | W3: B5 | X3: B6 | Y3: B7 | Z3: B8 | AA3: Prom. Bitácoras | AB3: I1 | AC3: I2 | AD3: Prom. Informes | AE3: Asistencia | AF3: NOTA FINAL | AG3: Estado
A4: 1 | B4: BARRAGÁN HERNÁNDEZ, María Sofía | C4: mbarraganh@unal.edu.co | D4: 7 | O4: =IFERROR(AVERAGE(E4:N4),"") | R4: =IFERROR(AVERAGE(P4:Q4),"") | AA4: =IFERROR(AVERAGE(S4:Z4),"") | AD4: =IFERROR(AVERAGE(AB4:AC4),"") | AE4: 1 | AF4: =IFERROR((IF(O4="",0,O4*Configuración!$B$4)+IF(R4="",0,R4*Configuración!$B$5)+IF(AA4="",0,AA4*Configuración!$B$6)+IF(AD4="",0,AD4*Configuración!$B$7))/(IF(O4="",0,Configuración!$B$4)+IF(R4="",0,Configuración!$B$5)+IF(AA4="",0,Configuración!$B$6)+IF(AD4="",0,Configuración!$B$7)),"") | AG4: =IF(AF4="","",IF(AE4<Configuración!$B$12,"FALLA ASIST.",IF(AF4>=Configuración!$B$11,"APROBADO","REPROBADO")))
A5: 2 | B5: BARRAGAN PEREZ, Danna Sofia | C5: dbarraganp@unal.edu.co | D5: 2 | O5: =IFERROR(AVERAGE(E5:N5),"") | R5: =IFERROR(AVERAGE(P5:Q5),"") | AA5: =IFERROR(AVERAGE(S5:Z5),"") | AD5: =IFERROR(AVERAGE(AB5:AC5),"") | AE5: 1 | AF5: =IFERROR((IF(O5="",0,O5*Configuración!$B$4)+IF(R5="",0,R5*Configuración!$B$5)+IF(AA5="",0,AA5*Configuración!$B$6)+IF(AD5="",0,AD5*Configuración!$B$7))/(IF(O5="",0,Configuración!$B$4)+IF(R5="",0,Configuración!$B$5)+IF(AA5="",0,Configuración!$B$6)+IF(AD5="",0,Configuración!$B$7)),"") | AG5: =IF(AF5="","",IF(AE5<Configuración!$B$12,"FALLA ASIST.",IF(AF5>=Configuración!$B$11,"APROBADO","REPROBADO")))
A6: 3 | B6: BETANCOURT GÓMEZ, Manuela | C6: mabetancourtgo@unal.edu.co | D6: 7 | O6: =IFERROR(AVERAGE(E6:N6),"") | R6: =IFERROR(AVERAGE(P6:Q6),"") | AA6: =IFERROR(AVERAGE(S6:Z6),"") | AD6: =IFERROR(AVERAGE(AB6:AC6),"") | AE6: 1 | AF6: =IFERROR((IF(O6="",0,O6*Configuración!$B$4)+IF(R6="",0,R6*Configuración!$B$5)+IF(AA6="",0,AA6*Configuración!$B$6)+IF(AD6="",0,AD6*Configuración!$B$7))/(IF(O6="",0,Configuración!$B$4)+IF(R6="",0,Configuración!$B$5)+IF(AA6="",0,Configuración!$B$6)+IF(AD6="",0,Configuración!$B$7)),"") | AG6: =IF(AF6="","",IF(AE6<Configuración!$B$12,"FALLA ASIST.",IF(AF6>=Configuración!$B$11,"APROBADO","REPROBADO")))
A7: 4 | B7: BONILLA CHAPARRO, Maria Paula | C7: mbonillach@unal.edu.co | D7: 4 | O7: =IFERROR(AVERAGE(E7:N7),"") | R7: =IFERROR(AVERAGE(P7:Q7),"") | AA7: =IFERROR(AVERAGE(S7:Z7),"") | AD7: =IFERROR(AVERAGE(AB7:AC7),"") | AE7: 1 | AF7: =IFERROR((IF(O7="",0,O7*Configuración!$B$4)+IF(R7="",0,R7*Configuración!$B$5)+IF(AA7="",0,AA7*Configuración!$B$6)+IF(AD7="",0,AD7*Configuración!$B$7))/(IF(O7="",0,Configuración!$B$4)+IF(R7="",0,Configuración!$B$5)+IF(AA7="",0,Configuración!$B$6)+IF(AD7="",0,Configuración!$B$7)),"") | AG7: =IF(AF7="","",IF(AE7<Configuración!$B$12,"FALLA ASIST.",IF(AF7>=Configuración!$B$11,"APROBADO","REPROBADO")))
A8: 5 | B8: BRAVO RIVERA, Elizabeth Yomary | C8: elbravor@unal.edu.co | D8: 4 | O8: =IFERROR(AVERAGE(E8:N8),"") | R8: =IFERROR(AVERAGE(P8:Q8),"") | AA8: =IFERROR(AVERAGE(S8:Z8),"") | AD8: =IFERROR(AVERAGE(AB8:AC8),"") | AE8: 1 | AF8: =IFERROR((IF(O8="",0,O8*Configuración!$B$4)+IF(R8="",0,R8*Configuración!$B$5)+IF(AA8="",0,AA8*Configuración!$B$6)+IF(AD8="",0,AD8*Configuración!$B$7))/(IF(O8="",0,Configuración!$B$4)+IF(R8="",0,Configuración!$B$5)+IF(AA8="",0,Configuración!$B$6)+IF(AD8="",0,Configuración!$B$7)),"") | AG8: =IF(AF8="","",IF(AE8<Configuración!$B$12,"FALLA ASIST.",IF(AF8>=Configuración!$B$11,"APROBADO","REPROBADO")))
A9: 6 | B9: BUITRAGO JEREZ, Mariana Valentina | C9: mbuitragoj@unal.edu.co | D9: 5 | O9: =IFERROR(AVERAGE(E9:N9),"") | R9: =IFERROR(AVERAGE(P9:Q9),"") | AA9: =IFERROR(AVERAGE(S9:Z9),"") | AD9: =IFERROR(AVERAGE(AB9:AC9),"") | AE9: 1 | AF9: =IFERROR((IF(O9="",0,O9*Configuración!$B$4)+IF(R9="",0,R9*Configuración!$B$5)+IF(AA9="",0,AA9*Configuración!$B$6)+IF(AD9="",0,AD9*Configuración!$B$7))/(IF(O9="",0,Configuración!$B$4)+IF(R9="",0,Configuración!$B$5)+IF(AA9="",0,Configuración!$B$6)+IF(AD9="",0,Configuración!$B$7)),"") | AG9: =IF(AF9="","",IF(AE9<Configuración!$B$12,"FALLA ASIST.",IF(AF9>=Configuración!$B$11,"APROBADO","REPROBADO")))
A10: 7 | B10: CASTILLO CUSBA, Andres Santiago | C10: ancastillocu@unal.edu.co | D10: 4 | O10: =IFERROR(AVERAGE(E10:N10),"") | R10: =IFERROR(AVERAGE(P10:Q10),"") | AA10: =IFERROR(AVERAGE(S10:Z10),"") | AD10: =IFERROR(AVERAGE(AB10:AC10),"") | AE10: 1 | AF10: =IFERROR((IF(O10="",0,O10*Configuración!$B$4)+IF(R10="",0,R10*Configuración!$B$5)+IF(AA10="",0,AA10*Configuración!$B$6)+IF(AD10="",0,AD10*Configuración!$B$7))/(IF(O10="",0,Configuración!$B$4)+IF(R10="",0,Configuración!$B$5)+IF(AA10="",0,Configuración!$B$6)+IF(AD10="",0,Configuración!$B$7)),"") | AG10: =IF(AF10="","",IF(AE10<Configuración!$B$12,"FALLA ASIST.",IF(AF10>=Configuración!$B$11,"APROBADO","REPROBADO")))
A11: 8 | B11: CESPEDES MONDRAGON, Danna Camila | C11: dcespedesm@unal.edu.co | D11: 6 | O11: =IFERROR(AVERAGE(E11:N11),"") | R11: =IFERROR(AVERAGE(P11:Q11),"") | AA11: =IFERROR(AVERAGE(S11:Z11),"") | AD11: =IFERROR(AVERAGE(AB11:AC11),"") | AE11: 1 | AF11: =IFERROR((IF(O11="",0,O11*Configuración!$B$4)+IF(R11="",0,R11*Configuración!$B$5)+IF(AA11="",0,AA11*Configuración!$B$6)+IF(AD11="",0,AD11*Configuración!$B$7))/(IF(O11="",0,Configuración!$B$4)+IF(R11="",0,Configuración!$B$5)+IF(AA11="",0,Configuración!$B$6)+IF(AD11="",0,Configuración!$B$7)),"") | AG11: =IF(AF11="","",IF(AE11<Configuración!$B$12,"FALLA ASIST.",IF(AF11>=Configuración!$B$11,"APROBADO","REPROBADO")))
A12: 9 | B12: ENRIQUEZ MORILLO, Sarita Alejandra | C12: senriquezm@unal.edu.co | D12: 7 | O12: =IFERROR(AVERAGE(E12:N12),"") | R12: =IFERROR(AVERAGE(P12:Q12),"") | AA12: =IFERROR(AVERAGE(S12:Z12),"") | AD12: =IFERROR(AVERAGE(AB12:AC12),"") | AE12: 1 | AF12: =IFERROR((IF(O12="",0,O12*Configuración!$B$4)+IF(R12="",0,R12*Configuración!$B$5)+IF(AA12="",0,AA12*Configuración!$B$6)+IF(AD12="",0,AD12*Configuración!$B$7))/(IF(O12="",0,Configuración!$B$4)+IF(R12="",0,Configuración!$B$5)+IF(AA12="",0,Configuración!$B$6)+IF(AD12="",0,Configuración!$B$7)),"") | AG12: =IF(AF12="","",IF(AE12<Configuración!$B$12,"FALLA ASIST.",IF(AF12>=Configuración!$B$11,"APROBADO","REPROBADO")))
A13: 10 | B13: ESPINEL CARRILLO, Valeria | C13: vespinelc@unal.edu.co | D13: 5 | O13: =IFERROR(AVERAGE(E13:N13),"") | R13: =IFERROR(AVERAGE(P13:Q13),"") | AA13: =IFERROR(AVERAGE(S13:Z13),"") | AD13: =IFERROR(AVERAGE(AB13:AC13),"") | AE13: 1 | AF13: =IFERROR((IF(O13="",0,O13*Configuración!$B$4)+IF(R13="",0,R13*Configuración!$B$5)+IF(AA13="",0,AA13*Configuración!$B$6)+IF(AD13="",0,AD13*Configuración!$B$7))/(IF(O13="",0,Configuración!$B$4)+IF(R13="",0,Configuración!$B$5)+IF(AA13="",0,Configuración!$B$6)+IF(AD13="",0,Configuración!$B$7)),"") | AG13: =IF(AF13="","",IF(AE13<Configuración!$B$12,"FALLA ASIST.",IF(AF13>=Configuración!$B$11,"APROBADO","REPROBADO")))
A14: 11 | B14: GARZON MOGOLLON, Maria Paula | C14: magarzonmo@unal.edu.co | D14: 4 | O14: =IFERROR(AVERAGE(E14:N14),"") | R14: =IFERROR(AVERAGE(P14:Q14),"") | AA14: =IFERROR(AVERAGE(S14:Z14),"") | AD14: =IFERROR(AVERAGE(AB14:AC14),"") | AE14: 1 | AF14: =IFERROR((IF(O14="",0,O14*Configuración!$B$4)+IF(R14="",0,R14*Configuración!$B$5)+IF(AA14="",0,AA14*Configuración!$B$6)+IF(AD14="",0,AD14*Configuración!$B$7))/(IF(O14="",0,Configuración!$B$4)+IF(R14="",0,Configuración!$B$5)+IF(AA14="",0,Configuración!$B$6)+IF(AD14="",0,Configuración!$B$7)),"") | AG14: =IF(AF14="","",IF(AE14<Configuración!$B$12,"FALLA ASIST.",IF(AF14>=Configuración!$B$11,"APROBADO","REPROBADO")))
A15: 12 | B15: GUISAO SUAZA, Emily | C15: eguisao@unal.edu.co | D15: 1 | O15: =IFERROR(AVERAGE(E15:N15),"") | R15: =IFERROR(AVERAGE(P15:Q15),"") | AA15: =IFERROR(AVERAGE(S15:Z15),"") | AD15: =IFERROR(AVERAGE(AB15:AC15),"") | AE15: 1 | AF15: =IFERROR((IF(O15="",0,O15*Configuración!$B$4)+IF(R15="",0,R15*Configuración!$B$5)+IF(AA15="",0,AA15*Configuración!$B$6)+IF(AD15="",0,AD15*Configuración!$B$7))/(IF(O15="",0,Configuración!$B$4)+IF(R15="",0,Configuración!$B$5)+IF(AA15="",0,Configuración!$B$6)+IF(AD15="",0,Configuración!$B$7)),"") | AG15: =IF(AF15="","",IF(AE15<Configuración!$B$12,"FALLA ASIST.",IF(AF15>=Configuración!$B$11,"APROBADO","REPROBADO")))
... A25: 22 | B25: QUIÑONEZ CARDENAS, Juliana Valentina | C25: juquinonezc@unal.edu.co | D25: 4 | O25: =IFERROR(AVERAGE(E25:N25),"") | R25: =IFERROR(AVERAGE(P25:Q25),"") | AA25: =IFERROR(AVERAGE(S25:Z25),"") | AD25: =IFERROR(AVERAGE(AB25:AC25),"") | AE25: 1 | AF25: =IFERROR((IF(O25="",0,O25*Configuración!$B$4)+IF(R25="",0,R25*Configuración!$B$5)+IF(AA25="",0,AA25*Configuración!$B$6)+IF(AD25="",0,AD25*Configuración!$B$7))/(IF(O25="",0,Configuración!$B$4)+IF(R25="",0,Configuración!$B$5)+IF(AA25="",0,Configuración!$B$6)+IF(AD25="",0,Configuración!$B$7)),"") | AG25: =IF(AF25="","",IF(AE25<Configuración!$B$12,"FALLA ASIST.",IF(AF25>=Configuración!$B$11,"APROBADO","REPROBADO")))
A26: 23 | B26: RAMÍREZ CASARES, Santiago | C26: sanramirezc@unal.edu.co | O26: =IFERROR(AVERAGE(E26:N26),"") | R26: =IFERROR(AVERAGE(P26:Q26),"") | AA26: =IFERROR(AVERAGE(S26:Z26),"") | AD26: =IFERROR(AVERAGE(AB26:AC26),"") | AE26: 1 | AF26: =IFERROR((IF(O26="",0,O26*Configuración!$B$4)+IF(R26="",0,R26*Configuración!$B$5)+IF(AA26="",0,AA26*Configuración!$B$6)+IF(AD26="",0,AD26*Configuración!$B$7))/(IF(O26="",0,Configuración!$B$4)+IF(R26="",0,Configuración!$B$5)+IF(AA26="",0,Configuración!$B$6)+IF(AD26="",0,Configuración!$B$7)),"") | AG26: =IF(AF26="","",IF(AE26<Configuración!$B$12,"FALLA ASIST.",IF(AF26>=Configuración!$B$11,"APROBADO","REPROBADO")))
A27: 24 | B27: RICARDO MARTÍNEZ, Valeria | C27: vricardom@unal.edu.co | D27: 4 | O27: =IFERROR(AVERAGE(E27:N27),"") | R27: =IFERROR(AVERAGE(P27:Q27),"") | AA27: =IFERROR(AVERAGE(S27:Z27),"") | AD27: =IFERROR(AVERAGE(AB27:AC27),"") | AE27: 1 | AF27: =IFERROR((IF(O27="",0,O27*Configuración!$B$4)+IF(R27="",0,R27*Configuración!$B$5)+IF(AA27="",0,AA27*Configuración!$B$6)+IF(AD27="",0,AD27*Configuración!$B$7))/(IF(O27="",0,Configuración!$B$4)+IF(R27="",0,Configuración!$B$5)+IF(AA27="",0,Configuración!$B$6)+IF(AD27="",0,Configuración!$B$7)),"") | AG27: =IF(AF27="","",IF(AE27<Configuración!$B$12,"FALLA ASIST.",IF(AF27>=Configuración!$B$11,"APROBADO","REPROBADO")))
A28: 25 | B28: SALAZAR QUIROGA, Laura Vanesa | C28: lsalazarq@unal.edu.co | D28: 1 | O28: =IFERROR(AVERAGE(E28:N28),"") | R28: =IFERROR(AVERAGE(P28:Q28),"") | AA28: =IFERROR(AVERAGE(S28:Z28),"") | AD28: =IFERROR(AVERAGE(AB28:AC28),"") | AE28: 1 | AF28: =IFERROR((IF(O28="",0,O28*Configuración!$B$4)+IF(R28="",0,R28*Configuración!$B$5)+IF(AA28="",0,AA28*Configuración!$B$6)+IF(AD28="",0,AD28*Configuración!$B$7))/(IF(O28="",0,Configuración!$B$4)+IF(R28="",0,Configuración!$B$5)+IF(AA28="",0,Configuración!$B$6)+IF(AD28="",0,Configuración!$B$7)),"") | AG28: =IF(AF28="","",IF(AE28<Configuración!$B$12,"FALLA ASIST.",IF(AF28>=Configuración!$B$11,"APROBADO","REPROBADO")))
A29: 26 | B29: SANCHEZ ZABALA, Laura Kamila | C29: lasanchezz@unal.edu.co | D29: 2 | O29: =IFERROR(AVERAGE(E29:N29),"") | R29: =IFERROR(AVERAGE(P29:Q29),"") | AA29: =IFERROR(AVERAGE(S29:Z29),"") | AD29: =IFERROR(AVERAGE(AB29:AC29),"") | AE29: 1 | AF29: =IFERROR((IF(O29="",0,O29*Configuración!$B$4)+IF(R29="",0,R29*Configuración!$B$5)+IF(AA29="",0,AA29*Configuración!$B$6)+IF(AD29="",0,AD29*Configuración!$B$7))/(IF(O29="",0,Configuración!$B$4)+IF(R29="",0,Configuración!$B$5)+IF(AA29="",0,Configuración!$B$6)+IF(AD29="",0,Configuración!$B$7)),"") | AG29: =IF(AF29="","",IF(AE29<Configuración!$B$12,"FALLA ASIST.",IF(AF29>=Configuración!$B$11,"APROBADO","REPROBADO")))
A30: 27 | B30: SANTANA MARIN, Luna Valeria | C30: lusantanam@unal.edu.co | D30: 5 | O30: =IFERROR(AVERAGE(E30:N30),"") | R30: =IFERROR(AVERAGE(P30:Q30),"") | AA30: =IFERROR(AVERAGE(S30:Z30),"") | AD30: =IFERROR(AVERAGE(AB30:AC30),"") | AE30: 1 | AF30: =IFERROR((IF(O30="",0,O30*Configuración!$B$4)+IF(R30="",0,R30*Configuración!$B$5)+IF(AA30="",0,AA30*Configuración!$B$6)+IF(AD30="",0,AD30*Configuración!$B$7))/(IF(O30="",0,Configuración!$B$4)+IF(R30="",0,Configuración!$B$5)+IF(AA30="",0,Configuración!$B$6)+IF(AD30="",0,Configuración!$B$7)),"") | AG30: =IF(AF30="","",IF(AE30<Configuración!$B$12,"FALLA ASIST.",IF(AF30>=Configuración!$B$11,"APROBADO","REPROBADO")))
A31: 28 | B31: TIQUE ARIAS, Harold Esteban | C31: htique@unal.edu.co | D31: 6 | O31: =IFERROR(AVERAGE(E31:N31),"") | R31: =IFERROR(AVERAGE(P31:Q31),"") | AA31: =IFERROR(AVERAGE(S31:Z31),"") | AD31: =IFERROR(AVERAGE(AB31:AC31),"") | AE31: 1 | AF31: =IFERROR((IF(O31="",0,O31*Configuración!$B$4)+IF(R31="",0,R31*Configuración!$B$5)+IF(AA31="",0,AA31*Configuración!$B$6)+IF(AD31="",0,AD31*Configuración!$B$7))/(IF(O31="",0,Configuración!$B$4)+IF(R31="",0,Configuración!$B$5)+IF(AA31="",0,Configuración!$B$6)+IF(AD31="",0,Configuración!$B$7)),"") | AG31: =IF(AF31="","",IF(AE31<Configuración!$B$12,"FALLA ASIST.",IF(AF31>=Configuración!$B$11,"APROBADO","REPROBADO")))
A32: 29 | B32: VALENCIA ESCOBAR, Keidem | C32: kvalenciae@unal.edu.co | D32: 3 | O32: =IFERROR(AVERAGE(E32:N32),"") | R32: =IFERROR(AVERAGE(P32:Q32),"") | AA32: =IFERROR(AVERAGE(S32:Z32),"") | AD32: =IFERROR(AVERAGE(AB32:AC32),"") | AE32: 1 | AF32: =IFERROR((IF(O32="",0,O32*Configuración!$B$4)+IF(R32="",0,R32*Configuración!$B$5)+IF(AA32="",0,AA32*Configuración!$B$6)+IF(AD32="",0,AD32*Configuración!$B$7))/(IF(O32="",0,Configuración!$B$4)+IF(R32="",0,Configuración!$B$5)+IF(AA32="",0,Configuración!$B$6)+IF(AD32="",0,Configuración!$B$7)),"") | AG32: =IF(AF32="","",IF(AE32<Configuración!$B$12,"FALLA ASIST.",IF(AF32>=Configuración!$B$11,"APROBADO","REPROBADO")))
A33: 30 | B33: YANDUN YELA, Sara Deyfenny | C33: syanduny@unal.edu.co | D33: 1 | O33: =IFERROR(AVERAGE(E33:N33),"") | R33: =IFERROR(AVERAGE(P33:Q33),"") | AA33: =IFERROR(AVERAGE(S33:Z33),"") | AD33: =IFERROR(AVERAGE(AB33:AC33),"") | AE33: 1 | AF33: =IFERROR((IF(O33="",0,O33*Configuración!$B$4)+IF(R33="",0,R33*Configuración!$B$5)+IF(AA33="",0,AA33*Configuración!$B$6)+IF(AD33="",0,AD33*Configuración!$B$7))/(IF(O33="",0,Configuración!$B$4)+IF(R33="",0,Configuración!$B$5)+IF(AA33="",0,Configuración!$B$6)+IF(AD33="",0,Configuración!$B$7)),"") | AG33: =IF(AF33="","",IF(AE33<Configuración!$B$12,"FALLA ASIST.",IF(AF33>=Configuración!$B$11,"APROBADO","REPROBADO")))
A34: 31 | O34: =IFERROR(AVERAGE(E34:N34),"") | R34: =IFERROR(AVERAGE(P34:Q34),"") | AA34: =IFERROR(AVERAGE(S34:Z34),"") | AD34: =IFERROR(AVERAGE(AB34:AC34),"") | AE34: 1 | AF34: =IFERROR((IF(O34="",0,O34*Configuración!$B$4)+IF(R34="",0,R34*Configuración!$B$5)+IF(AA34="",0,AA34*Configuración!$B$6)+IF(AD34="",0,AD34*Configuración!$B$7))/(IF(O34="",0,Configuración!$B$4)+IF(R34="",0,Configuración!$B$5)+IF(AA34="",0,Configuración!$B$6)+IF(AD34="",0,Configuración!$B$7)),"") | AG34: =IF(AF34="","",IF(AE34<Configuración!$B$12,"FALLA ASIST.",IF(AF34>=Configuración!$B$11,"APROBADO","REPROBADO")))
B35: PROMEDIO DEL CURSO | E35: =IFERROR(AVERAGE(E4:E33),"") | F35: =IFERROR(AVERAGE(F4:F33),"") | G35: =IFERROR(AVERAGE(G4:G33),"") | H35: =IFERROR(AVERAGE(H4:H33),"") | I35: =IFERROR(AVERAGE(I4:I33),"") | J35: =IFERROR(AVERAGE(J4:J33),"") | K35: =IFERROR(AVERAGE(K4:K33),"") | L35: =IFERROR(AVERAGE(L4:L33),"") | ... AF35: =IFERROR(AVERAGE(AF4:AF33),"") | AG35: =COUNTIF(AG4:AG33,"APROBADO")&" aprob." -> 0 aprob.

Sheet Resumen
A1: RESUMEN Y ESTADÍSTICAS DEL CURSO
A3: ESTADÍSTICAS GENERALES | D3: DESEMPEÑO POR GRUPO
A4: Estudiantes inscritos | B4: =COUNTA(Notas!$B$4:$B$33) -> 30 | D4: Grupo | E4: Integrantes | F4: Promedio
A5: Con nota registrada | B5: =COUNT(Notas!$AF$4:$AF$33) -> 0 | D5: 1 | E5: =COUNTIF(Notas!$D$4:$D$33,$D5) -> 4 | F5: =IFERROR(AVERAGEIF(Notas!$D$4:$D$33,$D5,Notas!$AF$4:$AF$33),"")
A6: Promedio del curso | B6: =IFERROR(AVERAGE(Notas!$AF$4:$AF$33),"") | D6: 2 | E6: =COUNTIF(Notas!$D$4:$D$33,$D6) -> 3 | F6: =IFERROR(AVERAGEIF(Notas!$D$4:$D$33,$D6,Notas!$AF$4:$AF$33),"")
A7: Nota máxima | B7: =IFERROR(MAX(Notas!$AF$4:$AF$33),"") -> 0 | D7: 3 | E7: =COUNTIF(Notas!$D$4:$D$33,$D7) -> 3 | F7: =IFERROR(AVERAGEIF(Notas!$D$4:$D$33,$D7,Notas!$AF$4:$AF$33),"")
A8: Nota mínima | B8: =IFERROR(MIN(Notas!$AF$4:$AF$33),"") -> 0 | D8: 4 | E8: =COUNTIF(Notas!$D$4:$D$33,$D8) -> 7 | F8: =IFERROR(AVERAGEIF(Notas!$D$4:$D$33,$D8,Notas!$AF$4:$AF$33),"")
A9: Desviación estándar | B9: =IFERROR(STDEV(Notas!$AF$4:$AF$33),"") | D9: 5 | E9: =COUNTIF(Notas!$D$4:$D$33,$D9) -> 3 | F9: =IFERROR(AVERAGEIF(Notas!$D$4:$D$33,$D9,Notas!$AF$4:$AF$33),"")
A10: Aprobados | B10: =COUNTIF(Notas!$AG$4:$AG$33,"APROBADO") -> 0 | D10: 6 | E10: =COUNTIF(Notas!$D$4:$D$33,$D10) -> 3 | F10: =IFERROR(AVERAGEIF(Notas!$D$4:$D$33,$D10,Notas!$AF$4:$AF$33),"")
A11: Reprobados | B11: =COUNTIF(Notas!$AG$4:$AG$33,"REPROBADO") -> 0 | D11: 7 | E11: =COUNTIF(Notas!$D$4:$D$33,$D11) -> 4 | F11: =IFERROR(AVERAGEIF(Notas!$D$4:$D$33,$D11,Notas!$AF$4:$AF$33),"")
A12: Falla por asistencia | B12: =COUNTIF(Notas!$AG$4:$AG$33,"FALLA ASIST.") -> 0 | D12: 8 | E12: =COUNTIF(Notas!$D$4:$D$33,$D12) -> 2 | F12: =IFERROR(AVERAGEIF(Notas!$D$4:$D$33,$D12,Notas!$AF$4:$AF$33),"")
A13: % de aprobación | B13: =IFERROR(COUNTIF(Notas!$AG$4:$AG$33,"APROBADO")/COUNT(Notas!$AF$4:$AF$33),"") | D13: 9 | E13: =COUNTIF(Notas!$D$4:$D$33,$D13) -> 0 | F13: =IFERROR(AVERAGEIF(Notas!$D$4:$D$33,$D13,Notas!$AF$4:$AF$33),"")
D14: 10 | E14: =COUNTIF(Notas!$D$4:$D$33,$D14) -> 0 | F14: =IFERROR(AVERAGEIF(Notas!$D$4:$D$33,$D14,Notas!$AF$4:$AF$33),"")
A16: PROMEDIO POR COMPONENTE | D16: DISTRIBUCIÓN DE NOTAS FINALES
A17: Quices (10 %) | B17: =IFERROR(AVERAGE(Notas!$O$4:$O$33),"") | D17: Rango | E17: Estudiantes
A18: Talleres (10 %) | B18: =IFERROR(AVERAGE(Notas!$R$4:$R$33),"") | D18: 0.0 – 1.9 | E18: =COUNTIFS(Notas!$AF$4:$AF$33,">="&0,Notas!$AF$4:$AF$33,"<"&2) -> 0
A19: Bitácoras (50 %) | B19: =IFERROR(AVERAGE(Notas!$AA$4:$AA$33),"") | D19: 2.0 – 2.9 | E19: =COUNTIFS(Notas!$AF$4:$AF$33,">="&2,Notas!$AF$4:$AF$33,"<"&3) -> 0
A20: Informes (30 %) | B20: =IFERROR(AVERAGE(Notas!$AD$4:$AD$33),"") | D20: 3.0 – 3.4 | E20: =COUNTIFS(Notas!$AF$4:$AF$33,">="&3,Notas!$AF$4:$AF$33,"<"&3.5) -> 0
D21: 3.5 – 3.9 | E21: =COUNTIFS(Notas!$AF$4:$AF$33,">="&3.5,Notas!$AF$4:$AF$33,"<"&4) -> 0
D22: 4.0 – 4.4 | E22: =COUNTIFS(Notas!$AF$4:$AF$33,">="&4,Notas!$AF$4:$AF$33,"<"&4.5) -> 0
D23: 4.5 – 5.0 | E23: =COUNTIFS(Notas!$AF$4:$AF$33,">="&4.5,Notas!$AF$4:$AF$33,"<"&5.01) -> 0

Sheet Configuración
A1: PARÁMETROS DE EVALUACIÓN
A3: Componente | B3: Peso | C3: Descripción
A4: Quices | B4: 0.1 | C4: Individuales, al inicio de cada sesión (lectura previa)
A5: Talleres de Fundamentación | B5: 0.1 | C5: Individuales, semanas 2 y 3
A6: Bitácoras de Laboratorio | B6: 0.5 | C6: Grupales, 8 en total
A7: Informes Formales | B7: 0.3 | C7: Grupales, 2 en total
A8: TOTAL | B8: =SUM(B4:B7) -> 1 | C8: =IF(B8=1,"Correcto","¡Los pesos no suman 100 %!") -> Correcto
A10: CRITERIOS DE APROBACIÓN
A11: Nota mínima aprobatoria | B11: 3 | C11: Escala 0.0 – 5.0
A12: Asistencia mínima | B12: 0.8 | C12: Según el programa del curso
A14: DESCUENTO POR ENTREGA TARDÍA (nota máxima alcanzable)
A15: En plazo | B15: 5 | C15: Aplíquelo manualmente al digitar la nota. Cada día = 24 h.
A16: 1 día tarde | B16: 4
A17: 2 días tarde | B17: 3
A18: 3 días tarde | B18: 2
A19: 4 días tarde | B19: 1
A20: Más de 4 días | B20: 0
